{
	"info": {
		"_postman_id": "2a5282ad-ed43-4b4a-8438-90d3c75c5d63",
		"name": "piccionj-Auth0",
		"schema": "https://schema.getpostman.com/json/collection/v2.0.0/collection.json",
		"_exporter_id": "26955806"
	},
	"item": [
		{
			"name": "ExampleAuth0",
			"request": {
				"method": "POST",
				"header": [],
				"body": {
					"mode": "raw",
					"raw": "{\r\n    \"grant_type\": \"password\",\r\n    \"username\": \"jpiccione@line5.com\",\r\n    \"password\": \"Scott5596!\",\r\n    \"client_id\": \"PSHfiogYDeQC3bxasI9Y2VbrAPKtAmXb\",\r\n    \"client_secret\":\"o71IeWdliXqGPC06mcDMj8d-qWfLeAu0jTGmHmO6XtZjRARp5IiyT3sNNDmbOd_N\"\r\n}\r\n\r\n",
					"options": {
						"raw": {
							"language": "json"
						}
					}
				},
				"url": "https://piccionj-oregonstate-edu.us.auth0.com/oauth/token"
			},
			"response": []
		},
		{
			"name": "ValidLoginTest",
			"event": [
				{
					"listen": "prerequest",
					"script": {
						"exec": [
							""
						],
						"type": "text/javascript"
					}
				},
				{
					"listen": "test",
					"script": {
						"exec": [
							"pm.environment.set('id_token',pm.response.json()['id_token']);"
						],
						"type": "text/javascript"
					}
				}
			],
			"request": {
				"method": "POST",
				"header": [],
				"body": {
					"mode": "raw",
					"raw": "{\r\n    \"username\":\"jpiccione@line5.com\",\r\n    \"password\":\"Scott5596!\"\r\n}",
					"options": {
						"raw": {
							"language": "json"
						}
					}
				},
				"url": "{{app_url}}/login"
			},
			"response": []
		},
		{
			"name": "InvalidLoginTest",
			"request": {
				"method": "POST",
				"header": [],
				"body": {
					"mode": "raw",
					"raw": "{\r\n    \"username\":\"ABadUsername\",\r\n    \"password\":\"ABadUsername\"\r\n}",
					"options": {
						"raw": {
							"language": "json"
						}
					}
				},
				"url": "{{app_url}}/login"
			},
			"response": []
		},
		{
			"name": "ValidAuthorizationTest",
			"event": [
				{
					"listen": "test",
					"script": {
						"exec": [
							"pm.environment.set(\"owner_id\",pm.response.json()[\"owner\"]);\r",
							"pm.environment.set(\"boat_id1\",pm.response.json()[\"id\"]);"
						],
						"type": "text/javascript"
					}
				}
			],
			"request": {
				"auth": {
					"type": "bearer",
					"bearer": {
						"token": "{{id_token}}"
					}
				},
				"method": "POST",
				"header": [],
				"body": {
					"mode": "raw",
					"raw": "{\r\n    \"name\": \"Sea Witch\",\r\n    \"type\": \"Catamaran\",\r\n    \"length\":28,\r\n    \"public\":true\r\n}",
					"options": {
						"raw": {
							"language": "json"
						}
					}
				},
				"url": "{{app_url}}/boats"
			},
			"response": []
		},
		{
			"name": "ValidAuthorizationTest",
			"event": [
				{
					"listen": "test",
					"script": {
						"exec": [
							"pm.environment.set(\"boat_id2\",pm.response.json()[\"id\"]);"
						],
						"type": "text/javascript"
					}
				}
			],
			"request": {
				"auth": {
					"type": "bearer",
					"bearer": {
						"token": "{{id_token}}"
					}
				},
				"method": "POST",
				"header": [],
				"body": {
					"mode": "raw",
					"raw": "{\r\n    \"name\": \"Sea Witch II\",\r\n    \"type\": \"Speed Boat\",\r\n    \"length\":35,\r\n    \"public\":false\r\n}",
					"options": {
						"raw": {
							"language": "json"
						}
					}
				},
				"url": "{{app_url}}/boats"
			},
			"response": []
		},
		{
			"name": "InvalidAuthorizationTest",
			"request": {
				"auth": {
					"type": "bearer",
					"bearer": {
						"token": "{{id_token}}{{id_token}}"
					}
				},
				"method": "POST",
				"header": [],
				"body": {
					"mode": "raw",
					"raw": "{\r\n    \"name\": \"Sea Witch\",\r\n    \"type\": \"Catamaran\",\r\n    \"length\":28,\r\n    \"public\":true\r\n}",
					"options": {
						"raw": {
							"language": "json"
						}
					}
				},
				"url": "{{app_url}}/boats"
			},
			"response": []
		},
		{
			"name": "NoTokenAuthorizationTest",
			"request": {
				"auth": {
					"type": "noauth"
				},
				"method": "POST",
				"header": [],
				"body": {
					"mode": "raw",
					"raw": "{\r\n    \"name\": \"Sea Witch\",\r\n    \"type\": \"Catamaran\",\r\n    \"length\":28,\r\n    \"public\":true\r\n}",
					"options": {
						"raw": {
							"language": "json"
						}
					}
				},
				"url": "{{app_url}}/boats"
			},
			"response": []
		},
		{
			"name": "ExistingOwnerTest",
			"request": {
				"auth": {
					"type": "bearer",
					"bearer": {
						"token": "{{id_token}}"
					}
				},
				"method": "GET",
				"header": [],
				"url": "{{app_url}}/owners/{{owner_id}}/boats"
			},
			"response": []
		},
		{
			"name": "NonExistingOwnerTest",
			"request": {
				"method": "GET",
				"header": [],
				"url": "{{app_url}}/owners/{{owner_id}}{{owner_id}}/boats"
			},
			"response": []
		},
		{
			"name": "ValidAuthorizationTestGetBoats",
			"event": [
				{
					"listen": "test",
					"script": {
						"exec": [
							"pm.environment.set('owner_id',pm.response.json['owner']);"
						],
						"type": "text/javascript"
					}
				}
			],
			"request": {
				"auth": {
					"type": "bearer",
					"bearer": {
						"token": "{{id_token}}"
					}
				},
				"method": "GET",
				"header": [],
				"url": "{{app_url}}/boats"
			},
			"response": []
		},
		{
			"name": "InvalidGetBoatsTestMissingJWT",
			"event": [
				{
					"listen": "test",
					"script": {
						"exec": [
							"pm.environment.set('owner_id',pm.response.json['owner']);"
						],
						"type": "text/javascript"
					}
				}
			],
			"protocolProfileBehavior": {
				"disableBodyPruning": true
			},
			"request": {
				"auth": {
					"type": "noauth"
				},
				"method": "GET",
				"header": [],
				"body": {
					"mode": "raw",
					"raw": "{\r\n    \"name\": \"Sea Witch\",\r\n    \"type\": \"Catamaran\",\r\n    \"length\":28,\r\n    \"public\":true\r\n}",
					"options": {
						"raw": {
							"language": "json"
						}
					}
				},
				"url": "{{app_url}}/boats"
			},
			"response": []
		},
		{
			"name": "InvalidGetBoatsTestBadJWT",
			"event": [
				{
					"listen": "test",
					"script": {
						"exec": [
							"pm.environment.set('owner_id',pm.response.json['owner']);"
						],
						"type": "text/javascript"
					}
				}
			],
			"protocolProfileBehavior": {
				"disableBodyPruning": true
			},
			"request": {
				"auth": {
					"type": "bearer",
					"bearer": {
						"token": "{{id_token}}{{id_token}}"
					}
				},
				"method": "GET",
				"header": [],
				"body": {
					"mode": "raw",
					"raw": "{\r\n    \"name\": \"Sea Witch\",\r\n    \"type\": \"Catamaran\",\r\n    \"length\":28,\r\n    \"public\":true\r\n}",
					"options": {
						"raw": {
							"language": "json"
						}
					}
				},
				"url": "{{app_url}}/boats"
			},
			"response": []
		},
		{
			"name": "InvalidDeleteBoat - BadJWT",
			"request": {
				"auth": {
					"type": "bearer",
					"bearer": {
						"token": "{{id_token}}{{id_token}}"
					}
				},
				"method": "DELETE",
				"header": [],
				"url": "{{app_url}}/boats/{{boat_id1}}"
			},
			"response": []
		},
		{
			"name": "InvalidDeleteBoat - NoJWT",
			"request": {
				"auth": {
					"type": "noauth"
				},
				"method": "DELETE",
				"header": [],
				"url": "{{app_url}}/boats/{{boat_id1}}"
			},
			"response": []
		},
		{
			"name": "ValidDeleteBoat1",
			"request": {
				"auth": {
					"type": "bearer",
					"bearer": {
						"token": "{{id_token}}"
					}
				},
				"method": "DELETE",
				"header": [],
				"url": "{{app_url}}/boats/{{boat_id1}}"
			},
			"response": []
		},
		{
			"name": "ValidDeleteBoat2",
			"request": {
				"auth": {
					"type": "bearer",
					"bearer": {
						"token": "{{id_token}}"
					}
				},
				"method": "DELETE",
				"header": [],
				"url": "{{app_url}}/boats/{{boat_id2}}"
			},
			"response": []
		}
	]
}